https://partone.litfl.com/evidence-based_medicine.html	Evidence-Based Medicine
https://partone.litfl.com/study_types.html	Study Types
https://partone.litfl.com/clinical_trial_design.html	Clinical Trial Design
https://partone.litfl.com/data_types.html	Data Types
https://partone.litfl.com/bias,_types_of_error,_and_confounding.html	Bias and Confounding
https://partone.litfl.com/frequency_distributions_and_measures_of_central_tendency.html	Frequency Distributions
https://partone.litfl.com/sample_size_calculation.html	Sample Size Calculation
https://partone.litfl.com/statistical-tests.html	Statistical Tests
https://partone.litfl.com/statistical_terms.html	Statistical Terms
https://partone.litfl.com/risk_and_odds.html	Risk and Odds
https://partone.litfl.com/signifiance_testing.html	Significance Testing
https://partone.litfl.com/drug_approval_process.html	Drug Development
https://partone.litfl.com/additives.html	Additives
https://partone.litfl.com/isomerism.html	Isomerism
https://partone.litfl.com/pharmacokinetic_modelling.html	Pharmacokinetic Modeling
https://partone.litfl.com/absorption.html	Absorption
https://partone.litfl.com/distribution.html	Distribution
https://partone.litfl.com/metabolism.html	Metabolism and Clearance
https://partone.litfl.com/elimination.html	Elimination
https://partone.litfl.com/intravenous_bolus_and_infusion_kinetics.html	Bolus and Infusion Kinetics
https://partone.litfl.com/drug_monitoring.html	Drug Monitoring
https://partone.litfl.com/epidural-and-intrathecal-administration.html	Epidural and Intrathecal
https://partone.litfl.com/tiva-and-tci.html	TIVA and TCI
https://partone.litfl.com/receptor_theory.html	Receptor Theory
https://partone.litfl.com/receptor_types.html	Receptor Types
https://partone.litfl.com/dose-response_curves.html	Dose-Response Curves
https://partone.litfl.com/mechanisms_of_drug_action.html	Mechanisms of Action
https://partone.litfl.com/adverse_effects.html	Adverse Effects
https://partone.litfl.com/drug_interactions.html	Drug Interactions
https://partone.litfl.com/alterations_to_drug_response.html	Alterations to Response
https://partone.litfl.com/pharmacogenetics.html	Pharmacogenetics
https://partone.litfl.com/drugs-in-pregnancy.html	Drugs in Pregnancy
https://partone.litfl.com/management_of_poisoning.html	General Management of Poisoning
https://partone.litfl.com/tricyclic_antidepressant_overdose.html	TCA Overdose
https://partone.litfl.com/organophosphate_poisoning.html	Organophosphates
https://partone.litfl.com/the_cell_membrane.html	The Cell Membrane
https://partone.litfl.com/organelles.html	Organelles
https://partone.litfl.com/excitable_cells.html	Excitable Cells
https://partone.litfl.com/transport_across_cell_membranes.html	Transport Across Membranes
https://partone.litfl.com/cell_contents.html	Fluid Compartments
https://partone.litfl.com/cellular_respiration.html	Cell Homeostasis
https://partone.litfl.com/airway_and_alveolar_anatomy.html	Airway and Alveolus
https://partone.litfl.com/chest_wall_and_diaphragm.html	Chest Wall and Diaphragm
https://partone.litfl.com/variations_in_anatomy.html	Variations in Anatomy
https://partone.litfl.com/control_of_breathing.html	Control of Breathing
https://partone.litfl.com/respiration.html	Respiration
https://partone.litfl.com/compliance.html	Compliance
https://partone.litfl.com/time-constants.html	Time-Constants
https://partone.litfl.com/resistance.html	Resistance
https://partone.litfl.com/surfactant.html	Surfactant
https://partone.litfl.com/volumes_and_capacities.html	Volumes and Capacities
https://partone.litfl.com/spirometry.html	Spirometry
https://partone.litfl.com/work_of_breathing.html	Work of Breathing
https://partone.litfl.com/oxygen_cascade.html	Oxygen Cascade
https://partone.litfl.com/diffusing_capacity_and_limitation.html	Diffusing Capacity and Limitation
https://partone.litfl.com/wests_zones.html	West's Zones
https://partone.litfl.com/basics_of_vq_matching.html	Basics of V/Q Matching
https://partone.litfl.com/dead_space.html	Dead Space
https://partone.litfl.com/shunt.html	Shunt
https://partone.litfl.com/oxygen_storage.html	Oxygen Storage
https://partone.litfl.com/carbon_dioxide_transport.html	Carbon Dioxide
https://partone.litfl.com/peep.html	Positive Pressure Ventilation
https://partone.litfl.com/hypoxia.html	Hypoxia
https://partone.litfl.com/hypo_and_hypercapnoea.html	Hypo and Hypercapnea
https://partone.litfl.com/lateral-decubitus-and-olv.html	Position and Ventilation
https://partone.litfl.com/humidification.html	Humidification
https://partone.litfl.com/cough_reflex.html	Cough Reflex
https://partone.litfl.com/non-respiratory_functions.html	Non-Respiratory Functions
https://partone.litfl.com/altitude_physiology.html	Altitude Physiology
https://partone.litfl.com/respiratory-changes-with-obesity.html	Respiratory Changes with Obesity
https://partone.litfl.com/changes_in_the_newborn.html	Neonates and Children
https://partone.litfl.com/anti-asthma_drugs.html	Anti-Asthma Drugs
https://partone.litfl.com/cardiac_anatomy.html	Cardiac Anatomy
https://partone.litfl.com/coronary_circulation.html	Coronary Circulation
https://partone.litfl.com/cardiac_cycle.html	Cardiac Cycle
https://partone.litfl.com/cardiac_action_potential.html	Cardiac Action Potential
https://partone.litfl.com/determinants_of_cardiac_output.html	Determinants of Cardiac Output
https://partone.litfl.com/venous-return.html	Venous Return
https://partone.litfl.com/myocardial_oxygen_supply_and_demand.html	Myocardial Oxygen Supply and Demand
https://partone.litfl.com/pressure-volume_relationships.html	Pressure-Volume Relationships
https://partone.litfl.com/cardiac_reflexes.html	Cardiac Reflexes
https://partone.litfl.com/starling_forces.html	Starling Forces
https://partone.litfl.com/variations-in-blood-pressure.html	Variations in Blood Pressure
https://partone.litfl.com/pulmonary_circulation.html	Pulmonary Circulation
https://partone.litfl.com/cerebral_blood_flow.html	Cerebral Blood Flow
https://partone.litfl.com/hepatic_blood_flow.html	Hepatic Blood Flow
https://partone.litfl.com/baroreceptors.html	Baroreceptors
https://partone.litfl.com/valsalva_manoeuvre.html	Valsalva Manoeuvre
https://partone.litfl.com/cvs-changes-with-obesity.html	CVS Changes with Obesity
https://partone.litfl.com/cvs-ageing.html	CVS Effects of Ageing
https://partone.litfl.com/inotropes.html	Inotropes
https://partone.litfl.com/adrenoreceptors.html	Adrenoreceptors
https://partone.litfl.com/antiarrhythmics.html	Antiarrhythmics
https://partone.litfl.com/functional_anatomy_and_control_of_blood_flow.html	Functional Anatomy and Control of Blood Flow
https://partone.litfl.com/glomerular_filtration_and_tubular_function.html	Glomerular Filtration and Tubular Function
https://partone.litfl.com/renal_handling_of_glucose.html	Handling of Organic Substances
https://partone.litfl.com/creatinine_clearance.html	Measurement of GFR
https://partone.litfl.com/endocrine_functions_of_the_kidney.html	Endocrine Functions of the Kidney
https://partone.litfl.com/acid-base_balance.html	Acid-Base Balance
https://partone.litfl.com/dialysis.html	Dialysis
https://partone.litfl.com/sodium.html	Sodium and Water
https://partone.litfl.com/potassium.html	Potassium
https://partone.litfl.com/principles-of-acid-base-physiology.html	Principles of Acid-Base Physiology
https://partone.litfl.com/compensation.html	Compensation
https://partone.litfl.com/buffers.html	Buffers
https://partone.litfl.com/blood-brain-barrier.html	Blood-Brain Barrier
https://partone.litfl.com/csf.html	CSF
https://partone.litfl.com/spinal_cord_anatomy.html	Spinal Cord Anatomy
https://partone.litfl.com/intracranial_pressure.html	Intracranial Pressure
https://partone.litfl.com/intraocular-pressure.html	Intraocular Pressure
https://partone.litfl.com/sleep.html	Sleep
https://partone.litfl.com/pain.html	Pain
https://partone.litfl.com/autonomic_nervous_system.html	Autonomic Nervous System
https://partone.litfl.com/neurotransmitters.html	Neurotransmitters
https://partone.litfl.com/anticonvulsantsmoa.html	Anticonvulsants (Mechanisms)
https://partone.litfl.com/local-anaesthetics.html	Local Anaesthetics (Mechanisms)
https://partone.litfl.com/neuraxial-blockade.html	Neuraxial Blockade
https://partone.litfl.com/acetylcholine-receptors.html	Acetylcholine Receptors
https://partone.litfl.com/opioidspharm.html	Opioids (Mechanisms)
https://partone.litfl.com/inhalational-anaesthetic-agents.html	Inhalational Anaesthetics (Mechanisms)
https://partone.litfl.com/hormones.html	A Brief Overview of Hormones
https://partone.litfl.com/insulin,_glucagon,_and_somatostatin.html	Insulin, Glucagon, and Somatostatin
https://partone.litfl.com/control_of_blood_glucose.html	Control of Blood Glucose
https://partone.litfl.com/pituitary_and_hypothalamus.html	Hypothalamus and Pituitary
https://partone.litfl.com/thyroid.html	Thyroid
https://partone.litfl.com/adrenal-hormones.html	Adrenal Hormones
https://partone.litfl.com/calcium_homeostasis.html	Calcium Homeostasis
https://partone.litfl.com/histamine.html	Histamine
https://partone.litfl.com/prostaglandins.html	Prostanoids
https://partone.litfl.com/skeletal_muscle.html	Skeletal Muscle Structure
https://partone.litfl.com/skeletal_muscle_innervation.html	Skeletal Muscle Innervation
https://partone.litfl.com/neuromuscular_blockers.html	Neuromuscular Blockers (Mechanisms)
https://partone.litfl.com/basal_metabolic_rate.html	Basal Metabolic Rate
https://partone.litfl.com/fat.html	Fat Metabolism
https://partone.litfl.com/carbohydrate_metabolism.html	Carbohydrate Metabolism
https://partone.litfl.com/protein_metabolism.html	Protein Metabolism
https://partone.litfl.com/requirements_and_starvation.html	Requirements and Starvation
https://partone.litfl.com/anaerobic_metabolism.html	Anaerobic Metabolism
https://partone.litfl.com/regulation_of_body_temperature.html	Regulation of Body Temperature
https://partone.litfl.com/inflammation.html	Inflammation
https://partone.litfl.com/innate_immunity.html	Innate Immunity
https://partone.litfl.com/adaptive_immunity.html	Adaptive Immunity
https://partone.litfl.com/hypersensitivity.html	Hypersensitivity
https://partone.litfl.com/classification_of_micro-organisms.html	Classification of Microorganisms
https://partone.litfl.com/antimicrobial_resistance.html	Antimicrobial Resistance
https://partone.litfl.com/antiseptics.html	Antiseptics
https://partone.litfl.com/respiratorypreg.html	Respiratory Changes in Pregnancy
https://partone.litfl.com/cardiovascular_changes_in_pregnancy.html	Cardiovascular Changes in Pregnancy
https://partone.litfl.com/foetal_circulation.html	Foetal Circulation
https://partone.litfl.com/the_placenta.html	The Placenta
https://partone.litfl.com/oesophagus.html	Oesophagus
https://partone.litfl.com/gastric_secretions.html	Gastric Secretions
https://partone.litfl.com/control_of_gastric_emptying.html	Control of Gastric Emptying
https://partone.litfl.com/swallowing.html	Swallowing
https://partone.litfl.com/physiology_of_vomiting.html	Physiology of Vomiting
https://partone.litfl.com/functions_of_the_liver.html	Functions of the Liver
https://partone.litfl.com/laboratory-assessment-of-liver-function.html	Laboratory Assessment of Liver Function
https://partone.litfl.com/bile.html	Bile
https://partone.litfl.com/erythrocytes.html	Erythrocytes
https://partone.litfl.com/iron_homeostasis.html	Iron Homeostasis
https://partone.litfl.com/platelets.html	Platelets
https://partone.litfl.com/transfusion_reactions.html	Transfusion
https://partone.litfl.com/clotting.html	Haemostasis
https://partone.litfl.com/unclotting.html	Haemostatic Regulation
https://partone.litfl.com/coagulopathy_testing.html	Coagulopathy Testing
https://partone.litfl.com/si_units.html	SI Units
https://partone.litfl.com/electrical_safety.html	Electrical Safety
https://partone.litfl.com/wheatstone-bridge.html	Wheatstone Bridge
https://partone.litfl.com/neuromuscular-monitoring.html	Neuromuscular Monitoring
https://partone.litfl.com/pressure_transduction.html	Pressure Transduction
https://partone.litfl.com/pulsecontour.html	Pressure Waveform Analysis
https://partone.litfl.com/non-invasive-blood-pressure.html	Non-Invasive Blood Pressure
https://partone.litfl.com/cardiac-output.html	Cardiac Output Measurement
https://partone.litfl.com/pulse_oximetry.html	Pulse Oximetry
https://partone.litfl.com/gas-analysis.html	Oxygen Analysis
https://partone.litfl.com/end-tidal_co2.html	End-Tidal Gas Analysis
https://partone.litfl.com/blood_gases.html	Blood Gas Analysis
https://partone.litfl.com/gas-flow.html	Gas Flow
https://partone.litfl.com/principles_of_ultrasound.html	Principles of Ultrasound
https://partone.litfl.com/temperature.html	Temperature and Humidity
https://partone.litfl.com/electrocardiogram.html	Electrocardiography
https://partone.litfl.com/humidifiers.html	Humidifiers
https://partone.litfl.com/supplemental-oxygen.html	Supplemental Oxygen
https://partone.litfl.com/bispectral-index.html	Bispectral Index
https://partone.litfl.com/medical-gas-supply.html	Medical Gas Supply
https://partone.litfl.com/vaporisers.html	Vapourisers
https://partone.litfl.com/circuits.html	Breathing Systems
https://partone.litfl.com/bvm.html	Bag-Valve-Mask
https://partone.litfl.com/circle-system.html	Circle System
https://partone.litfl.com/scavenging.html	Scavenging
https://partone.litfl.com/diathermy.html	Diathermy
https://partone.litfl.com/lasers.html	Lasers
https://partone.litfl.com/subclavian_vein.html	Subclavian Vein
https://partone.litfl.com/internal_jugular_vein.html	Internal Jugular Vein
https://partone.litfl.com/intercostal_catheter.html	Intercostal Catheter
https://partone.litfl.com/antecubital_fossa.html	Antecubital Fossa
https://partone.litfl.com/tracheostomy.html	Tracheostomy
https://partone.litfl.com/lp.html	Neuraxial
https://partone.litfl.com/ethanol.html	Toxic Alcohols
https://partone.litfl.com/naloxone.html	Naloxone
https://partone.litfl.com/flumazenil.html	Flumazenil
https://partone.litfl.com/oxygen.html	Oxygen
https://partone.litfl.com/helium.html	Helium
https://partone.litfl.com/beta_agonists.html	Beta Agonists
https://partone.litfl.com/antimuscarinics.html	Antimuscarinics
https://partone.litfl.com/phosphodiesterase_inhibitors.html	Phosphodiesterase Inhibitors
https://partone.litfl.com/leukotriene_antagonists.html	Leukotriene Antagonists
https://partone.litfl.com/corticosteroids.html	Corticosteroids
https://partone.litfl.com/pulmonary_vasodilators.html	Pulmonary Vasodilators
https://partone.litfl.com/adrenergic_drugs.html	Adrenergic Vasoactives
https://partone.litfl.com/non-adrenergic_drugs.html	Non-adrenergic Vasoactives
https://partone.litfl.com/centrally_acting_anti-hypertensives.html	Centrally Acting Agents
https://partone.litfl.com/calcium_channel_blockers.html	Calcium Channel Blockers
https://partone.litfl.com/direct_vasodilators.html	Direct Vasodilators
https://partone.litfl.com/ace_inhibitors.html	ACE Inhibitors
https://partone.litfl.com/angiotensin_receptor_blockers.html	Angiotensin Receptor Blockers
https://partone.litfl.com/potassium_channel_activators.html	Potassium Channel Activators
https://partone.litfl.com/sodium_channel_blockers.html	Sodium Channel Blockers
https://partone.litfl.com/beta-blockers.html	Beta-Blockers
https://partone.litfl.com/amiodarone.html	Amiodarone
https://partone.litfl.com/sotalol.html	Sotalol
https://partone.litfl.com/digoxin.html	Digoxin
https://partone.litfl.com/adenosine.html	Adenosine
https://partone.litfl.com/magnesium.html	Magnesium
https://partone.litfl.com/atropine.html	Atropine
https://partone.litfl.com/diuretics.html	Diuretics
https://partone.litfl.com/intravenous-fluids.html	Intravenous Fluids
https://partone.litfl.com/propofol.html	Propofol
https://partone.litfl.com/barbiturates.html	Barbiturates
https://partone.litfl.com/ketamine.html	Ketamine
https://partone.litfl.com/dexmedetomidine.html	Dexmedetomidine
https://partone.litfl.com/local_anaesthetics.html	Local Anaesthetics
https://partone.litfl.com/benzodiazepines.html	Benzodiazepines
https://partone.litfl.com/antidepressants.html	Antidepressants
https://partone.litfl.com/antipsychotics.html	Antipsychotics
https://partone.litfl.com/anticonvulsants.html	Anticonvulsants
https://partone.litfl.com/gaba-analogues.html	GABA Analogues
https://partone.litfl.com/inhalational-anaesthetics.html	Inhalational Anaesthetic Agents
https://partone.litfl.com/nitrous-oxide.html	Nitrous Oxide
https://partone.litfl.com/opioids.html	Opioids
https://partone.litfl.com/cox_inhibitors.html	COX Inhibitors
https://partone.litfl.com/tramadol.html	Tramadol
https://partone.litfl.com/paracetamol.html	Paracetamol
https://partone.litfl.com/anticholinesterases.html	Anticholinesterases
https://partone.litfl.com/antimuscarinicsansmd.html	Antimuscarinics (Anaesthetic Adjuncts)
https://partone.litfl.com/depolarising_nmbs.html	Depolarising NMBs
https://partone.litfl.com/non-depolarising_nmbs.html	Non-Depolarising NMBs
https://partone.litfl.com/dantrolene.html	Dantrolene
https://partone.litfl.com/sugammadex.html	Sugammadex
https://partone.litfl.com/anticoagulants.html	Anticoagulants
https://partone.litfl.com/direct_thrombin_inhibitors.html	Direct Thrombin Inhibitors
https://partone.litfl.com/antifibrinolytics.html	Antifibrinolytics
https://partone.litfl.com/antiplatelets.html	Antiplatelets
https://partone.litfl.com/penicillins.html	Penicillins
https://partone.litfl.com/glycopeptides.html	Glycopeptides
https://partone.litfl.com/aminoglycosides.html	Aminoglycosides
https://partone.litfl.com/lincosamides.html	Lincosamides
https://partone.litfl.com/metronidazole.html	Metronidazole
https://partone.litfl.com/antifungals.html	Antifungals
https://partone.litfl.com/insulins.html	Insulin
https://partone.litfl.com/oral_hypoglycaemics.html	Oral Hypoglycaemics
https://partone.litfl.com/oxytocics.html	Oxytocics
https://partone.litfl.com/tocolytics.html	Tocolytics
https://partone.litfl.com/acid-suppression.html	Acid Suppression
https://partone.litfl.com/antiemetics.html	Antiemetics
https://partone.litfl.com/iv-contrast.html	IV Contrast
https://partone.litfl.com/definitions.html	Definitions
https://partone.litfl.com/key_graphs.html	Key Graphs
https://partone.litfl.com/laws.html	Laws and Equations
https://partone.litfl.com/frameworks_for_classification.html	Structures for SAQs
